X,Y,Omega,Omegadt,Theta,Thetadt,Psi,d,T
0.027777777777777776,0.0,0.0,-0.0013814025669612593,0.0,-0.2035416242621616,0.0,-0.02,-2
0.055555555555555552,0.0,-1.3814025669612593e-05,-0.0008074027852884916,-0.002035416242621616,0.00033857906052972564,0.0,0.02,2
0.083333333333333329,0.0,-2.1888053522497508e-05,0.00043327857247993742,-0.0020320304520163187,-0.20300515236210034,0.0,0.02,-2
0.11111111110644098,-5.09364127469287e-07,-1.7555267797698134e-05,-0.00022475864654581204,-0.0040620819756373222,0.0004302761715122283,0.0,-0.02,2
0.13888888886556927,-1.527245083786438e-06,-1.9802854263156254e-05,0.0014505161453187785,-0.0040577792139221995,-0.2030562601870842,0.0,0.02,-2
0.16666666656884721,-3.5616686606162605e-06,-5.2976928099684693e-06,0.00033095934820714002,-0.0060883418157930413,-0.20341177885015252,0.0,-0.02,0
0.19444444417919213,-6.6115580702961143e-06,-1.9880993278970692e-06,0.0001710597925797229,-0.0081224596042945661,-0.20349289633745818,0.0,0,0
0.22222222158046281,-1.1185075354396531e-05,-2.7750140209984008e-07,0.00043183457007114315,-0.010157388567669148,-0.20353482275720811,0.0,0,0
0.24999999857268451,-1.7791284847554801e-05,4.0408442986115916e-06,0.00039563670893725904,-0.01219273679524123,-9.9040301436509326e-05,0.0,-0.02,2
0.27777777484405475,-2.6939470689890958e-05,7.9972113879841822e-06,0.0017922976522244099,-0.012193727198255594,0.20334561417912281,0.0,0.02,2
0.30555554994290024,-3.9139042950417697e-05,2.592018791022828e-05,0.00041704959572171139,-0.010160271056464366,0.20290632553887172,0.0,-0.02,0
0.33333332353389034,-5.4390249367340077e-05,3.0090683867445394e-05,0.00014006896002715573,-0.0081312078010756482,0.20280410750070463,0.0,-0.02,0
0.3611110956124533,-7.2184153203835291e-05,3.1491373467716951e-05,-0.0014864030628108972,-0.0061031667260686021,0.20276977687324699,0.0,-0.02,0
0.38888886631297731,-9.2012938206963846e-05,1.6627342839607979e-05,-0.0027036862265651385,-0.0040754689573361327,-0.00040753291273545877,0.0,-0.02,-2
0.41666663588124242,-0.00011336906075453296,-1.0409519426043404e-05,-0.0035349485318505111,-0.0040795442864634875,-0.20328648898211146,0.0,-0.02,-2
0.4444444046466699,-0.00013574507575914163,-4.5759004744548518e-05,-0.0042393018405874894,-0.0061124091762846024,-0.20242008002822653,0.0,-0.02,0
0.47222217257095422,-0.00015914200305935385,-8.8152023150423411e-05,-0.0042158645712674359,-0.0081366099765668685,-0.2013810354594551,0.0,0,0
0.4999999391647128,-0.000184068580756798,-0.00013031066886309777,-0.0054158063837820014,-0.01015042033116142,-0.20034773531943856,0.0,-0.02,0
0.52777770385661082,-0.00021103139118452139,-0.00018446873270091778,-0.0058029771355810715,-0.012153897684355805,0.0045212924681598265,0.0,-0.02,2
0.55555546596665384,-0.00024053443276882217,-0.00024249850405672849,-0.0047811707894560738,-0.012108684759674207,0.20948521504786577,0.0,0.02,2
0.58333322467958382,-0.00027307913816186462,-0.00029031021195128921,-0.0048903509108356629,-0.010013832609195548,0.21065707063351677,0.0,-0.02,0
0.61111097967683359,-0.00030865419077169011,-0.00033921372105964585,-0.005308965743655956,-0.0079072619028603807,0.21185568605283925,0.0,-0.02,0
0.63888873135153823,-0.00034673528906129756,-0.00039230337849620539,-0.0069119515409705248,-0.0057887050423319885,0.21315690314687258,0.0,-0.02,0
0.66666648024293451,-0.00038679522090531943,-0.00046142289390591062,-0.0069957047246943724,-0.0036571360108632626,0.21485100891671829,0.0,0,0
0.69444422700738806,-0.00042830379225414618,-0.00053137994115285434,-0.005938832827491719,-0.0015086259216960797,0.013024018165511242,0.0,0.02,-2
0.72222197238916874,-0.00047072756584056618,-0.00059076826942777152,-0.0057922838215525522,-0.0013783857400409673,-0.18906200981540239,0.0,0.02,-2
0.74999971719179237,-0.00051352887328360978,-0.00064869110764329701,-0.0048168048733437186,-0.003269005838194991,-0.18764233240815911,0.0,0,0
0.77777746146077209,-0.00055667512190870597,-0.00069685915637673424,-0.0062197243158106982,-0.0051454291622765819,-0.186461742978418,0.0,-0.02,0
0.80555520444702222,-0.000600639441971281,-0.00075905639953484122,-0.0068152316812695041,-0.0070100465920607622,-0.18493730074415068,0.0,-0.02,0
0.83333294536543367,-0.00064589141667265656,-0.00082720871634753626,-0.0071779459873780385,-0.0088594195995022693,-0.1832669008222709,0.0,-0.02,0
0.86111068337057861,-0.00069289768360459333,-0.00089898817622131671,-0.0082520228911201338,-0.010692088607724979,0.022034023926993163,0.0,-0.02,2
0.88888841753535763,-0.00074212107718908096,-0.0009815084051325181,-0.0071305581190994746,-0.010471748368455047,0.22759820281933124,0.0,0.02,2
0.91666614682962844,-0.00079402026615691171,-0.0010528139863235128,-0.0086953165472082438,-0.0081957663402617356,0.025804264370674457,0.0,-0.02,-2
0.94444387110392625,-0.0008485401037576913,-0.0011397671517955953,-0.010307526259107844,-0.0079377236965549915,-0.17560615485540668,0.0,-0.02,-2
0.97222159127690022,-0.0009051109757584314,-0.0012428424143866737,-0.011815106340913758,-0.009693785245109058,-0.17307980038013515,0.0,-0.02,0
0.99999930733331999,-0.00096366830255559428,-0.0013609934777958114,-0.013149832051600197,-0.01142458324891041,-0.17018394098285236,0.0,-0.02,0
1.0277770181697525,-0.0010246515719082696,-0.0014924917983118134,-0.013123040009092269,-0.013126422658738934,-0.16696094293098956,0.0,-0.02,0
1.0555547225821167,-0.0010884939632530356,-0.001623722198402736,-0.013543381462451319,-0.014796032088048829,-0.16374451155621206,0.0,-0.02,0
1.0833324192500466,-0.001155621424701,-0.0017591560130272492,-0.013701412814205109,-0.016433477203610949,-0.16042505531541518,0.0,-0.02,0
1.1111101067225784,-0.0012264518556877246,-0.0018961701411693002,-0.01387450986590317,-0.018037727756765102,-0.15706686590016883,0.0,-0.02,0
1.1388877834032884,-0.0013013951245393507,-0.0020349152398283317,-0.014261792336614976,-0.019608396415766789,-0.15366625073695728,0.0,-0.02,0
1.1666654475374016,-0.001380852811451823,-0.0021775331631944815,-0.014314521881415767,-0.02114505892313636,-0.15017071339955165,0.0,-0.02,0
1.1944430971998128,-0.0014652181121244446,-0.0023206783820086392,-0.015245944590546373,-0.022646766057131878,-0.14666225215410661,0.0,-0.02,0
1.2222207302844157,-0.0015548757318949859,-0.002473137827914103,-0.016172481882513825,-0.024113388578672942,-0.1429255010289727,0.0,-0.02,0
1.2499983444951661,-0.0016502016481895429,-0.0026348626467392411,-0.01418237177603727,-0.025542643588962671,-0.13896165743031735,0.0,0.02,0
1.2777759373378181,-0.0017515630780196713,-0.0027766863644996136,-0.012020188506971967,-0.026932260163265845,-0.13548558591658272,0.0,0.02,0
1.3055535061149566,-0.0018593179059713946,-0.0028968882495693333,-0.009882961620300449,-0.028287116022431672,-0.13253946128252095,0.0,0.02,0
1.3333310479228588,-0.0019738141148444191,-0.0029957178657723377,-0.0087260938830499429,-0.029612510635256883,-0.13011716676774143,0.0,0,0
1.3611085596424328,-0.0020953910063137228,-0.0030829788046028372,-0.0075200409818641911,-0.030913682302934297,0.075563205995167693,0.0,0.02,2
1.388886037929258,-0.0022243805274258528,-0.0031581792144214789,-0.0051456988688289226,-0.030158050242982619,0.28094797755680578,0.0,0.02,2
1.4166634792029011,-0.0023611085820394017,-0.0032096362031097682,-0.0035779621647213291,-0.027348570467414561,0.078667553997788547,0.0,0.02,-2
1.4444408822912107,-0.0025053858885466353,-0.0032454158247569817,-0.001346160495474368,-0.026561894927436675,0.28308612977091119,0.0,0.02,2
1.4722182489795732,-0.0026565087916839312,-0.0032588774297117253,-0.00056688900887739513,-0.023731033629727564,0.28341607106882155,0.0,0.02,0
1.4999955787005914,-0.0028142802765846932,-0.0032645463198004991,0.0019571269240631112,-0.020896872919039348,0.28355501445335035,0.0,0.02,0
1.5277728740497678,-0.0029779914741955562,-0.0032449750505598681,0.0032231841863885908,-0.018061322774505846,0.28307532648176625,0.0,0.02,0
1.5555501380817853,-0.0031469327870458689,-0.003212743208695982,0.0046017589034167842,-0.015230569509688183,0.28228533035765141,0.0,0.02,0
1.5833273742537961,-0.003320394356120129,-0.0031667256196618141,0.0035803267230492212,-0.012407716206111669,0.077615824011319057,0.0,-0.02,-2
1.6111045863613742,-0.0034976675978017654,-0.0031309223524313219,0.0025253996697919105,-0.011631557965998478,0.076738292951748166,0.0,-0.02,0
1.6388817784785585,-0.0036780459685716452,-0.003105668355733403,0.0022452901655635208,-0.010864175036480996,0.076119322444446233,0.0,-0.02,0
1.6666589515407353,-0.0038613352085416571,-0.0030832154540777678,0.0023699609447275214,-0.010102981812036534,-0.12797261803476523,0.0,-0.02,-2
1.6944361065296316,-0.0040473432579323423,-0.0030595158446304928,0.0029516710833387473,-0.011382707992384186,-0.12855349081533571,0.0,0.02,0
1.7222132444728342,-0.0042358796096129301,-0.0030299991337971051,0.0045353767817917119,-0.012668242900537544,-0.12927693961027167,0.0,0.02,0
1.7499903629353166,-0.0044272645432352842,-0.0029846453659791881,0.0054338193365718497,-0.013961012296640261,-0.13038855156659318,0.0,0.02,0
1.7777674593732691,-0.0046218198009114579,-0.0029303071726134696,0.0047626981443418346,-0.015264897812306192,-0.13172037003143922,0.0,-0.02,0
1.8055445311197305,-0.0048198689451655983,-0.002882680191170051,0.0063039600348145331,-0.016582101512620583,-0.13288769800799358,0.0,0.02,0
1.8333215753653374,-0.0050217383316696687,-0.0028196405908219057,0.0058797690458191965,-0.01791097849270052,-0.13443278625182067,0.0,-0.02,0
1.8610985891412499,-0.0052277576617491923,-0.0027608429003637136,0.0058165949206224607,-0.019255306355218726,-0.13587390611599204,0.0,-0.02,0
1.8888755693086001,-0.0054382595720496628,-0.0027026769511574889,0.0045725222346421849,-0.020614045416378644,-0.13729954212594853,0.0,-0.02,0
1.9166525125373723,-0.0056535805816320065,-0.0026569517288110669,0.0039585779606691298,-0.021987040837638128,-0.13842025835992947,0.0,-0.02,0
1.9444294152936232,-0.0058740608333175178,-0.0026173659492043757,0.0032701898435933134,-0.023371243421237423,-0.1393904980561719,0.0,-0.02,0
1.9722062738246813,-0.0061000440565829794,-0.0025846640507684424,0.003310956011274437,-0.024765148401799143,-0.14019201517469967,0.0,-0.02,0
1.9999830841499864,-0.0063318768058327445,-0.0025515544906556981,0.0044187730171925581,-0.026167068553546141,-0.14100352400099242,0.0,0.02,0
2.0277598420490217,-0.0065699080852610649,-0.0025073667604837723,0.0059371622487787989,-0.027577103793556067,0.06145506765891609,0.0,0.02,2
2.0555365430497341,-0.0068144889279721094,-0.0024479951379959845,0.0082043548955751389,-0.026962553116966905,0.26354150509539659,0.0,0.02,2
2.0833131824131192,-0.0070659724225737427,-0.0023659515890402331,0.01020997972013107,-0.02432713806601294,0.2615306337974615,0.0,0.02,0
2.1110897598550236,-0.0073242046543019702,-0.0022638517918389224,0.012183475360780557,-0.021711831728038325,0.25902818778762543,0.0,0.02,0
2.1388662800233518,-0.0075885256902827221,-0.002142017038231117,0.014445899945046976,-0.019121549850162071,0.25604204186586549,0.0,0.02,0
2.1666427479502737,-0.007858280720398873,-0.0019975580387806471,0.015651133874554937,-0.016561129431503417,0.25250138011462847,0.0,0.02,0
2.1944191689896106,-0.0081328212767444678,-0.0018410467000350976,0.015500437300446826,-0.014036115630357133,0.045123693628311284,0.0,-0.02,-2
2.2221955487547116,-0.0084115064333003409,-0.0016860423270306294,0.014942891576686337,-0.01358487869407402,0.041324566838986082,0.0,-0.02,0
2.2499718930552435,-0.0086937041829648672,-0.0015366134112637659,0.014777017356754754,-0.01317163302568416,0.037662093413327664,0.0,-0.02,0
2.2777482026084654,-0.0089793015834987305,-0.0013888432376962185,0.014857726996808636,-0.012795012091550883,0.034040275433730914,0.0,-0.02,0
2.3055244780741986,-0.0092681952028750621,-0.0012402659677281322,0.014780261147905616,-0.012454609337213573,0.030398675679611152,0.0,-0.02,0
2.3333007200526819,-0.0095602907768657444,-0.0010924633562490759,0.016563583856639613,-0.012150622580417462,0.23031768691532528,0.0,0.02,2
2.3610769290804052,-0.0098555031069480839,-0.00092682751768267979,0.015341538620078421,-0.0098474457112642088,0.22625798498967831,0.0,-0.02,0
2.3888531056246682,-0.01015375610951437,-0.00077341213148189559,0.015595135341504711,-0.0075848658613674258,0.22249780395534535,0.0,-0.02,0
2.4166292555990307,-0.010454473374258142,-0.00061746077806684849,0.013972245200257697,-0.0053598878218139717,0.21867546686183931,0.0,-0.02,0
2.4444053849595,-0.010757088678045335,-0.00047773832606427152,0.013484653897371097,-0.0031731331531955785,0.21525089695981536,0.0,-0.02,0
2.4721814996749774,-0.011061045227994318,-0.00034289178709056054,0.013053540111332192,-0.0010206241835974249,0.21194583473006753,0.0,-0.02,0
2.4999576056899353,-0.011365795810308034,-0.00021235638597723861,0.011812472487116584,0.0010988341637032505,0.2087464376439567,0.0,-0.02,0
2.5277337089015939,-0.011670801788783354,-9.4231661106072772e-05,0.010547156139732483,0.0031862985401428178,0.20585122379907519,0.0,-0.02,0
2.5555098151312707,-0.011975532800185828,1.1239900291252063e-05,0.0086239931576542351,0.0052448107781335697,-0.00027548775223651401,0.0,-0.02,-2
2.5832859300969564,-0.012279466484739973,9.7479831867794409e-05,0.0085983456027918237,0.0052420559006112043,-0.20593083582754862,0.0,0,-2
2.6110620593927996,-0.012582087720280037,0.00018346328789571264,0.0083272299732519098,0.0031827475423357181,-0.0044966492131301161,0.0,-0.02,2
2.6388382029493074,-0.012883397195517555,0.00026673558762823176,0.0069087656608488694,0.0031377810502044171,-0.21007926121383386,0.0,-0.02,-2
2.6666143551339938,-0.013183910231431768,0.00033582324423672043,0.0051522729963653802,0.0010369884380660786,-0.0082309618685469932,0.0,-0.02,2
2.6943905158026018,-0.013483638080108822,0.00038734597420037422,0.0047629802353519098,0.00095467881938060865,-0.21303539813962166,0.0,-0.02,-2
2.7221666792701278,-0.01378310643717107,0.00043497577655389333,0.0046888362530746221,-0.0011756751620156081,-0.010661170993967906,0.0,0,2
2.7499428453122676,-0.014082335899420425,0.00048186413908463956,0.0043196387561463415,-0.0012822868719552872,-0.21535201982796151,0.0,0,-2
2.7777190081835088,-0.014381859557721074,0.00052506052664610297,0.0029037855431149799,-0.0034358070702349025,-0.012869130555051483,0.0,-0.02,2
2.8054951675927575,-0.014681704090132581,0.0005540983820772528,0.0047314032254986184,-0.0035644983757854173,0.18996078156418975,0.0,0.02,2
2.8332713177075104,-0.014982408387268845,0.00060141241433223904,0.003901991776239165,-0.0016648905601435197,0.18880112391088127,0.0,-0.02,0
2.8610474581515044,-0.015284004652369659,0.00064043233209463068,0.0020023251652123127,0.00022312067896529311,0.18784475337748932,0.0,-0.02,0
2.8888235940687235,-0.015586017532542388,0.00066045558374675385,0.0010119873634836397,0.0021015682127401864,-0.016187636856538012,0.0,-0.02,-2
2.916599730592961,-0.015887974580008131,0.00067057545738159025,-0.00035063816403070841,0.0019396918441748063,-0.2199772972372005,0.0,-0.02,-2
2.9443758728291956,-0.01618940573974835,0.00066706907574128321,-0.00065388714176197816,-0.00026008112819719863,-0.016349732248560789,0.0,-0.02,2
2.9721520203286156,-0.016490351519045023,0.00066053020432366345,0.00085189507551812482,-0.00042357845068280653,0.18735215846991501,0.0,0.02,2
2.9999281671228211,-0.016791362379889891,0.00066904915507884474,0.00012203308603191717,0.0014499431340163436,-0.016398263604873536,0.0,-0.02,-2
3.0277043127681602,-0.017092479235128324,0.00067026948593916394,-0.00097795895276274686,0.0012859604979676082,-0.219969797937141,0.0,-0.02,-2
3.0554804623444864,-0.017393233262774491,0.00066048989641153647,-0.0014928037999024193,-0.00091373748140380177,-0.21973010211538543,0.0,-0.02,0
3.0832566154032555,-0.01769366549714976,0.0006455618584125123,-0.00041488546560747709,-0.0031110385025576561,-0.015822594568934034,0.0,0.02,2
3.1110327659879635,-0.01799432638123739,0.00064141300375643751,0.0010104039140001262,-0.0032692644482469964,0.18782071730734701,0.0,0.02,2
3.1388089081349997,-0.018295765760276257,0.00065151704289643879,-0.00059362036495357452,-0.0013910572751735263,0.18757306928920972,0.0,-0.02,0
3.1665850413917132,-0.018598023228171213,0.00064558083924690307,-0.0019693158404900856,0.00048467341771857081,-0.015823059785463223,0.0,-0.02,-2
3.1943611708583379,-0.018900628788088958,0.00062588768084200224,-0.00015767856212052403,0.0003264428198639386,0.18820123992779886,0.0,0.02,2
3.2221373016460033,-0.019203113065547478,0.00062431089522079701,-0.0012717292222015392,0.0022084552191419275,-0.015301737627960665,0.0,-0.02,-2
3.2499134333231328,-0.0195055156554481,0.00061159360299878167,-0.0025135722325808768,0.002055437842862321,-0.2185316635513474,0.0,-0.02,-2
3.2776895710113738,-0.019807365610670005,0.00058645788067297289,-0.00085435328932300498,-0.00012987879265115299,-0.014373967663553228,0.0,0.02,2
3.3054657142843547,-0.020108701221651589,0.00057791434777974284,-0.00056422171262281965,-0.00027361846928668524,0.18937705691461892,0.0,0.02,2
3.33324185720473,-0.020410069332921013,0.00057227213065351467,-0.00063004555521983222,0.001620152099859504,-0.014026277712095886,0.0,-0.02,-2
3.3610179993821392,-0.020711505913251667,0.00056597167510131639,-0.0025192029711102754,0.0014798893227385452,-0.21741347904405653,0.0,-0.02,-2
3.3887941459563513,-0.021012537073600231,0.00054077964539021362,-0.0035041170553867023,-0.00069424546770202014,-0.21679602733545106,0.0,-0.02,0
3.4165702965415461,-0.021313197912726106,0.00050573847483634661,-0.0048977979215255978,-0.0028622057410565309,-0.21593717511599353,0.0,-0.02,0
3.4443464452457251,-0.021614032476798817,0.00045676049562109062,-0.0049776555176542598,-0.0050215774922164665,-0.011195110186791396,0.0,-0.02,2
3.4721225861834375,-0.021915583268423536,0.000406983940444548,-0.0035713896107069003,-0.0051335285940843807,0.19356652768263841,0.0,0.02,2
3.4998987134506234,-0.022218390647275755,0.00037127004433747899,-0.0039106186493311334,-0.0031978633172579964,-0.0090997559886636659,0.0,-0.02,-2
3.5276748266837439,-0.022522482627570631,0.00033216385784416767,-0.0033964322780089574,-0.0032888608771446332,0.19540035323656929,0.0,0.02,2
3.5554509311445455,-0.022827374828607552,0.00029819953506407808,-0.0039255991339339803,-0.0013348573447789403,-0.0073088121339234258,0.0,-0.02,-2
3.583227026559356,-0.023133090021156048,0.00025894354372473828,-0.0019653665835109185,-0.0014079454661181745,0.1971949687787122,0.0,0.02,2
3.6110031182957036,-0.023439139242033745,0.00023928987788962911,-0.0023169121425022894,0.00056400422166894763,-0.0058649479874908206,0.0,-0.02,-2
3.6387792061478268,-0.023745540780438772,0.00021612075646460622,-0.0029947000454253157,0.00050535474179403946,-0.20883870162649007,0.0,-0.02,-2
3.6665552955564542,-0.024051801185213977,0.00018617375601035307,-0.0030950806784187553,-0.0015830322744708612,-0.20810470651731719,0.0,-0.02,0
3.6943313863591198,-0.02435793513251136,0.00015522294922616552,-0.0034979422686946034,-0.0036640793396440332,-0.2073461083118224,0.0,0,0
3.7221074727930117,-0.024664465210272456,0.00012024352653921949,-0.0045567037901298076,-0.0057375404227622568,-0.20648876952047568,0.0,-0.02,0
3.7498835490932518,-0.024971912172910476,7.4676488637921413e-05,-0.0054069548490539949,-0.007802428117967013,-0.20537193035622817,0.0,-0.02,0
3.7776596094644144,-0.025280794883869813,2.0606940147381466e-05,-0.0067945621514221835,-0.009856147421529295,-0.20404669632459729,0.0,-0.02,0
3.8054356480544849,-0.025591630072554387,-4.7338681366840363e-05,-0.0080800696193410858,-0.011896614384775267,0.0011602617982069963,0.0,-0.02,2
3.8332116589338185,-0.025904931688805838,-0.00012813937756025123,-0.0076578092046349659,-0.011885011766793198,0.20668229528079532,0.0,0.02,2
3.8609876360733884,-0.026221210385058119,-0.00020471746960660088,-0.0075758629577988785,-0.0098181888139852441,0.20855920930153918,0.0,-0.02,0
3.8887635791874815,-0.026540463253901019,-0.00028047609918458968,-0.0085742298634290549,-0.0077325967209698528,0.21041603845786244,0.0,-0.02,0
3.9165394939534006,-0.026862173042366475,-0.00036621839781888024,-0.0093529017010886475,-0.0056284363363912279,0.2125175653851735,0.0,-0.02,0
3.9443153862401932,-0.027185817823097699,-0.00045974741482976672,-0.010940110095477181,-0.003503260682539493,0.21480994325308739,0.0,-0.02,0
3.9720912620801663,-0.027510871040279831,-0.00056914851578453857,-0.012221805352670628,-0.001355161250008619,0.013949718524130988,0.0,-0.02,-2
3.9998671276472892,-0.027836800892721811,-0.00069136656931124486,-0.011347105463342612,-0.0012156640647673091,-0.18659636521041525,0.0,0.02,-2
4.0276429892331729,-0.028163069851443491,-0.00080483762394467097,-0.009595132559339848,-0.0030816277168714615,0.019726412351585204,0.0,0.02,2
4.0554188472441153,-0.028489643009545883,-0.00090078894953806951,-0.010127557686357876,-0.0028843635933556095,-0.18146346373426758,0.0,-0.02,-2
4.0831946961778662,-0.028816987294773277,-0.0010020645264016482,-0.011444735333177469,-0.0046989982306982854,-0.17898121920329751,0.0,-0.02,0
4.1109705365960902,-0.029145053344481201,-0.001116511879733423,-0.011362030439755966,-0.0064888104227312608,-0.17617613701379323,0.0,-0.02,0
4.1387463631011983,-0.029474295246017617,-0.0012301321841309827,-0.012745255641719383,-0.0082505717928691939,-0.17339132563150009,0.0,-0.02,0
4.1665221703118345,-0.029805160882144636,-0.0013575847405481766,-0.013103178167285044,-0.0099844850491841945,-0.170267488464412,0.0,-0.02,0
4.1942979528521107,-0.030138091125387869,-0.001488616522221027,-0.01388446988723701,-0.011687159933828314,0.036485699074044947,0.0,-0.02,2
4.2220737053318365,-0.030473519890717136,-0.001627461221093397,-0.014461916448171705,-0.011322302943087864,0.039888755418955979,0.0,-0.02,0
4.2498494223387766,-0.030811873288796175,-0.001772080385575114,-0.014758789173253265,-0.010923415388898305,0.043433342783703949,0.0,-0.02,0
4.2776251046867619,-0.031153060005123696,-0.0019196682773076467,-0.014545968506888005,-0.010489081961061266,-0.15649093119089558,0.0,-0.02,-2
4.3054007533230125,-0.031496980209741572,-0.0020651279623765269,-0.015366959852654204,-0.012053991272970223,-0.1529257428313642,0.0,-0.02,0
4.3331763693348861,-0.03184352520327096,-0.002218797560903069,-0.015137036528345969,-0.013583248701283865,-0.14915933110277249,0.0,-0.02,0
4.3609519475482603,-0.032193086620423174,-0.0023701679261865288,-0.014843679945807455,-0.015074842012311591,-0.14544927313013867,0.0,-0.02,0
4.388727482774617,-0.032546047186227382,-0.0025186047256446032,-0.015270454692298093,-0.016529334743612976,-0.14181111628067605,0.0,-0.02,0
4.4165029698057969,-0.032902780212960565,-0.0026713092725675841,-0.014986973861846185,-0.017947445906419737,-0.13806835777766183,0.0,-0.02,0
4.4442784034019622,-0.033263649741487454,-0.0028211790111860461,-0.015400600971084458,-0.019328129484196356,-0.13439507987034657,0.0,-0.02,0
4.4720537782801886,-0.033629010721337574,-0.0029751850208968905,-0.016791115537033354,-0.020672080282899821,-0.13062042276959057,0.0,-0.02,0
4.4998290891099897,-0.033999208748804438,-0.0031430961762672241,-0.017711222462676875,-0.021978284510595726,-0.12650495327521966,0.0,-0.02,0
4.5276043305043459,-0.034374580240607598,-0.0033202084008939928,-0.017600013015490083,-0.023243334043347923,-0.12216396737750473,0.0,-0.02,0
4.5553794970175749,-0.034755452179686855,-0.0034962085310488934,-0.016058419394529913,-0.02446497371712297,-0.11785023869723756,0.0,0.02,0
4.5831545831529183,-0.035142141261348743,-0.0036567927249941926,-0.013623900756191352,-0.025643476104095345,-0.11391435159073512,0.0,0.02,0
4.610929583368077,-0.035534953327765482,-0.0037930317325561061,-0.012820326566641187,-0.026782619620002696,-0.11057516022892352,0.0,0.02,0
4.6387044920734706,-0.035934183435144089,-0.0039212349982225177,-0.010243970066368235,-0.02788837122229193,0.09610870093682658,0.0,0.02,2
4.6664793036187531,-0.03634011679867679,-0.0040236746988862003,-0.0085922798763832537,-0.026927284212923664,0.3021611021760392,0.0,0.02,2
4.69425401227112,-0.036753030285659141,-0.0041095974976500327,-0.0081036458434672921,-0.023905673191163272,0.10072542886397154,0.0,0,-2
4.7220286199137016,-0.03717268320445348,-0.0041906339560847054,-0.0072084141524808914,-0.022898418902523556,0.30625324083286531,0.0,0.02,2
4.7498031365155384,-0.037598318971163676,-0.0042627180976095146,-0.0063201916785400455,-0.019835886494194904,0.30802000900749299,0.0,0.02,0
4.7775775647055472,-0.038029685392715111,-0.0043259200143949154,-0.0074763655568507994,-0.016755686404119972,0.10602745133320887,0.0,-0.02,-2
4.8053519153559456,-0.038466015795397379,-0.0044006836699634231,-0.0075520906565610798,-0.015695411890787884,-0.095681730390508896,0.0,-0.02,-2
4.8331261998186763,-0.038906539182880666,-0.0044762045765290338,-0.0090356226484868737,-0.016652229194692975,-0.29737235204076828,0.0,-0.02,-2
4.860900421708533,-0.039350990175266741,-0.0045665608030139027,-0.0079650547977652454,-0.019625952715100658,-0.29515773864653133,0.0,0.02,0
4.8886745766030497,-0.039799608238882782,-0.0046462113509915552,-0.0068065191199215506,-0.022577530101565969,-0.08966389507119199,0.0,0.02,2
4.9164486517328001,-0.040253137685076698,-0.0047142765421907705,-0.0052572177554656872,-0.02347416905227789,0.11554599368114646,0.0,0.02,2
4.9442226340237223,-0.04071231736137456,-0.0047668487197454271,-0.0052634545176351213,-0.022318709115466427,0.11683452744474099,0.0,0,0
4.9719965185686448,-0.041177371720467433,-0.0048194832649217784,-0.0034552575156023661,-0.021150363841019017,0.32166621408867591,0.0,0.02,2
4.9997703090281931,-0.041648011477290622,-0.0048540358400778021,-0.0018858472571979465,-0.017933701700132258,0.11897146666857372,0.0,0.02,-2
5.0275440092925301,-0.042123944138884512,-0.0048728943126497819,-0.0020659739207045274,-0.016743987033446522,-0.084107940128588354,0.0,0,-2
5.0553176322920503,-0.04260436452992325,-0.0048935540518568275,-0.0002634982409145416,-0.017585066434732406,-0.083601573971552934,0.0,0.02,0
5.0830911824989027,-0.043088974867263562,-0.0048961890342659733,0.001042582310502657,-0.018421082174447937,-0.083536991069368002,0.0,0.02,0
5.110864655575317,-0.043577985649629843,-0.0048857632111609468,0.0016970033089193878,-0.019256452085141616,-0.28733415021155478,0.0,0,-2
5.1386380471058821,-0.044071606112696941,-0.0048687931780717533,0.0025201632820934568,-0.022129793587257165,-0.084208458132951858,0.0,0,2
5.1664113525737827,-0.044570045334962199,-0.0048435915452508188,0.0032162993848749467,-0.022971878168586684,0.11871547905026522,0.0,0.02,2
5.1941845581007335,-0.045074022546098387,-0.0048114285514020694,0.0035694287463740515,-0.021784723378084032,0.11792717037750175,0.0,0,0
5.2219576587143361,-0.045583748529672868,-0.0047757342639383289,0.0033168470460181307,-0.020605451674309015,0.11705231039064537,0.0,0,0
5.2497306587388719,-0.046098926080354888,-0.0047425657934781476,0.0033415617407784853,-0.019434928570402563,0.11623935768328798,0.0,0,0
5.2775035626363733,-0.046619259984440824,-0.0047091501760703628,0.0043193023704224702,-0.018272534993569681,0.11542034745270502,0.0,0,0
5.305276374991613,-0.047144457235235922,-0.004665957152366138,0.005127858668986348,-0.017118331519042632,0.1143616949109348,0.0,0,0
5.3330491005042164,-0.047674226876849558,-0.0046146785656762746,0.0041562928620534675,-0.015974714569933286,0.11310486680579108,0.0,-0.02,0
5.3608217439778558,-0.048208280018152423,-0.0045731156370557398,0.0026058341612040679,-0.014843665901875375,-0.091455456687265943,0.0,-0.02,-2
5.388594310298318,-0.048746330431347955,-0.0045470572954436992,0.0036721245169404728,-0.015758220468748033,-0.092094141530698309,0.0,0,0
5.4163668044134159,-0.049288095046709474,-0.0045103360502742945,0.0046771874135485853,-0.016679161884055018,-0.092994172049556262,0.0,0,0
5.4441392213301043,-0.049833802731501842,-0.004463564176138809,0.0050964188567255925,-0.017609103604550581,-0.094140541513661302,0.0,0,0
5.4719115559260745,-0.05038368395604078,-0.0044125999875715529,0.0058188662592498453,-0.018550509019687193,-0.095389663782466591,0.0,0,0
5.4996838029300115,-0.050937971448157385,-0.0043544113249790548,0.0056978960609668002,-0.01950440565751186,-0.096815856493067037,0.0,0,0
5.5274559569019281,-0.051496900810190843,-0.0042974323643693866,0.0062309808022982804,-0.020472564222442532,0.10532922461689681,0.0,0.02,2
5.5552280122200584,-0.052060710776688911,-0.0042351225563464039,0.0072045082082750206,-0.019419271976273564,0.10380202343986292,0.0,0,0
5.5829999630634539,-0.052629643658186093,-0.0041630774742636538,0.0081097907491451838,-0.018381251741874934,0.10203621260450139,0.0,0,0
5.6107718139353269,-0.053203435800047195,-0.0040819795667722016,0.0077549234280074111,-0.017360889615829919,0.1000485187934364,0.0,0,0
5.6385435693974486,-0.053781827383407067,-0.0040044303324921274,0.0096774872834194739,-0.016360404427895554,0.098147802266963999,0.0,0.02,0
5.6663152340477367,-0.054364563021170452,-0.0039076554596579327,0.010437405803746006,-0.015378926405225915,0.095775869109263154,0.0,0.02,0
5.6940868124986439,-0.054951392312116973,-0.0038032814016204725,0.012373935172316743,-0.014421167714133282,0.093217681412266579,0.0,0.02,0
5.7218583093720055,-0.055542069622061603,-0.0036795420498973051,0.012224269645415665,-0.013488990900010617,0.09018485416414973,0.0,-0.02,0
5.7496297292645826,-0.056136355261967204,-0.0035572993534431483,0.011637833081196822,-0.01258714235836912,0.087188709643214513,0.0,-0.02,0
5.777401076728653,-0.056734015952901305,-0.0034409210226311799,0.010857346085957908,-0.011715255261936975,0.084336299574293727,0.0,-0.02,0
5.8051723562372333,-0.057334826012654633,-0.0033323475617716009,0.010375124296269623,-0.010871892266194037,0.081675185337539341,0.0,-0.02,0
5.8329435721770224,-0.057938567262871783,-0.0032285963188089044,0.0096741535094976468,-0.010055140412818643,0.079132262715904636,0.0,-0.02,0
5.8607147288478414,-0.058545028668422996,-0.0031318547837139278,0.0079311154367227247,-0.009263817785659597,0.076761146659655208,0.0,-0.02,0
5.8884858304654282,-0.059154005857889158,-0.0030525436293467006,0.0077091033070888701,-0.0084962063190630443,0.074817245817321201,0.0,0,0
5.9162568811609324,-0.059765300827076151,-0.0029754525962758121,0.0086644416975051285,-0.0077480338608898322,0.072927759712642551,0.0,0,0
5.9440278849839716,-0.060378721508469617,-0.002888808179300761,0.0096689579290626017,-0.0070187562637634062,0.070804122041685416,0.0,0,0
5.9717988459204401,-0.060994080701734496,-0.002792118600010135,0.0093915455619381222,-0.0063107150433465518,0.068434279412013216,0.0,-0.02,0
5.9995697678903337,-0.061611195937072698,-0.0026982031443907538,0.010222409801034693,-0.00562637224922642,0.0661324300095774,0.0,0.02,0
6.0273406547298478,-0.062229890060616175,-0.0025959790463804069,0.0087511102719823979,-0.0049650479491306458,-0.13991468685087699,0.0,-0.02,-2
6.0551115101729636,-0.062849991849993223,-0.0025084679436605827,0.0074382970288601052,-0.0063641948176394155,-0.14205956681950013,0.0,-0.02,0
6.0828823378508154,-0.063471335843811635,-0.0024340849733719815,0.0084122194109373279,-0.0077847904858344167,-0.14388267883637762,0.0,0,0
6.1106531298577265,-0.064094272100966243,-0.0023499627792626081,0.0085608137083400919,-0.0092236172741981936,-0.1459444973194505,0.0,0,0
6.138423878106912,-0.064719156051765134,-0.0022643546421792071,0.0080026962940137423,-0.010683062247392698,-0.14804273597345544,0.0,0,0
6.1661945743336037,-0.0653463476942545,-0.0021843276792390697,0.0084304052910144818,-0.012163489607127253,-0.15000418114355685,0.0,0.02,0
6.1939652100660618,-0.065976212192963457,-0.0021000236263289248,0.008418876684696576,-0.013663531418562821,-0.15207045695017804,0.0,0,0
6.2217357766071908,-0.066609119971656541,-0.0020158348594819589,0.0089007567376151158,-0.015184235988064601,-0.15413390711799582,0.0,0,0
6.249506265025345,-0.067245446372782083,-0.0019268272921058077,0.0093843818017047137,-0.01672557505924456,-0.1563154651419211,0.0,0,0
6.2772766661307182,-0.067885571921633053,-0.0018329834740887607,0.009040087790357143,-0.018288729710663771,-0.15861555872077029,0.0,0,0
6.3050469704571119,-0.068529882321258853,-0.0017425825961851892,0.010001270152242099,-0.019874885297871472,-0.1608312665125245,0.0,0,0
6.332817168235918,-0.069178768750158076,-0.0016425698946627683,0.010904112475298846,-0.021483197962996716,0.040259066045656211,0.0,0,2
6.3605872493690754,-0.069832628161237059,-0.00153352876990978,0.010777239264619713,-0.021080607302540154,0.24112811372073475,0.0,0,2
6.3883572034130163,-0.070491863073080627,-0.0014257563772635828,0.011889751296232383,-0.018669326165332806,0.23848663350881816,0.0,0.02,0
6.4161270317386103,-0.071156372695777209,-0.001306858864301259,0.012641719917551877,-0.016284459830244624,0.23557247877934945,0.0,0.02,0
6.4438967478930547,-0.071825553518279683,-0.0011804416651257402,0.012914417350408198,-0.013928735042451131,0.23247401801524359,0.0,-0.02,0
6.4716663655665174,-0.072498808701175532,-0.0010512974916216582,0.011595146119136935,-0.011603994862298694,0.22930871964504551,0.0,-0.02,0
6.4994358985330347,-0.073175548749596739,-0.00093534603043028881,0.011773834171698902,-0.0093109076658482379,0.22646677206682567,0.0,-0.02,0
6.5272053605978808,-0.073855191965323697,-0.00081760768871329975,0.011211945941114533,-0.0070462399451799813,0.22358102839729163,0.0,-0.02,0
6.5549747655535109,-0.074537164605406492,-0.0007054882293021544,0.0096307590303664654,-0.0048104296612070645,0.22083300243133219,0.0,-0.02,0
6.5827441271610949,-0.075220900065094368,-0.00060918063899848972,0.0095014657875050756,-0.0026020996368937427,0.21847252227683062,0.0,-0.02,0
6.61051345911119,-0.075905838979915791,-0.00051416598112343892,0.0085817647584288722,-0.0004173744141254365,0.2161437316426382,0.0,-0.02,0
6.6382827749970481,-0.076591428874113548,-0.00042834833353915018,0.0071551609191781223,0.0017440629023009455,0.214040357927337,0.0,-0.02,0
6.6660520883048031,-0.077277123184546298,-0.00035679672434736897,0.0067057237935452567,0.0038844664815743156,0.21228664201577374,0.0,-0.02,0
6.6938214123829605,-0.077962381175270393,-0.0002897394864119164,0.006193011016425839,0.0060073329017320525,0.21064308226245382,0.0,-0.02,0
6.7215907604249709,-0.078646667367816975,-0.00022780937624765802,0.0041055433419362169,0.0081137637243565916,0.0055835631433251154,0.0,-0.02,-2
6.7493601454604057,-0.07932945066093948,-0.00018675394282829586,0.0023918690651202426,0.0081695993557898434,-0.19896432174186005,0.0,-0.02,-2
6.7771295803321348,-0.08001020404977599,-0.00016283525217709342,0.0033364307565983088,0.0061799561383712428,-0.19955056415978167,0.0,0.02,0
6.8048990652332071,-0.080688913561053843,-0.00012947094461111033,0.0042241700331274732,0.0041844504967734255,-0.40390994105836442,0.0,0.02,-2
6.8326685878790627,-0.081366076977735846,-8.7229244279835591e-05,0.0026524005954458602,0.00014535108618978117,-0.20140365258863605,0.0,-0.02,2
6.8604381360328741,-0.082042193539242844,-6.0705238325376993e-05,0.0035426438702362457,-0.0018686854396965792,0.0014878734883672362,0.0,0.02,2
6.8882076850720155,-0.082718273737379763,-2.5278799623014535e-05,0.0041432777046222016,-0.0018538067048129068,0.20416120268429447,0.0,0.02,2
6.9159772227253962,-0.083394821436433092,1.6153977423207481e-05,0.0029027058407073755,0.00018780532203003814,0.20314569344296549,0.0,-0.02,0
6.9437467490758937,-0.08407183291389711,4.5181035830281233e-05,0.0014805763908711926,0.0022192622564596929,-0.001107378329173403,0.0,-0.02,-2
6.9715162765718146,-0.084748797406991691,5.998679973899316e-05,0.00049910848316070898,0.0022081884731679591,-0.20501188896164657,0.0,-0.02,-2
6.9992858175969976,-0.085425206693055269,6.4977884570600251e-05,-0.00026300379411494594,0.00015806958355149342,-0.0015925952100635798,0.0,-0.02,2
7.0270553720729163,-0.086101063542227699,6.2347846629450795e-05,-5.1454178543979744e-05,0.00014214363145085762,0.2020134907663419,0.0,0.02,2
7.0548249275112616,-0.086776880846156673,6.1833304844010999e-05,-0.00023238974338779764,0.0021622785391142768,0.20202610208461247,0.0,-0.02,0
7.0825944838150177,-0.087452662589134811,5.9509407410133023e-05,0.0014228618126381431,0.0041825395599604017,-0.001458563907110938,0.0,0.02,-2
7.1103640532777446,-0.08812790338055039,7.3738025536514449e-05,0.0014454916747560543,0.0041679539208892922,-0.20534892880962502,0.0,0,-2
7.1381336481643407,-0.08880209779310734,8.8192942284074998e-05,0.00090175646060607095,0.0021144646327930419,-0.0021615917226487369,0.0,-0.02,2
7.1659032683469235,-0.089475249474899932,9.7210506890135713e-05,3.5527420734756429e-05,0.0020928487155665544,-0.20592423472515495,0.0,-0.02,-2
7.1936729013475089,-0.090147872165874471,9.7565781097483275e-05,-0.00064182110732438939,3.3606368315005058e-05,-0.0023913181641538328,0.0,-0.02,2
7.2214425470251369,-0.090819971273615879,9.1147570024239385e-05,-0.00014857307215339203,9.6931866734667304e-06,0.20130761519294019,0.0,0.02,2
7.2492121929062483,-0.091492061973817249,8.9661839302705468e-05,-0.00075447137576806623,0.0020227693386028686,0.20134403016160524,0.0,-0.02,0
7.2769818388460505,-0.092164150249006357,8.2117125545024802e-05,0.00058052117222500798,0.0040362096402189211,-0.0020126746457112266,0.0,0.02,-2
7.3047514970288221,-0.092835732473048216,8.7922337267274888e-05,0.00057856254350921162,0.0040160828937618092,-0.20569658350890835,0.0,0,-2
7.3325211796136074,-0.093506304923937106,9.3707962702367005e-05,-0.00075026477917781791,0.0019591170586727258,-0.0022967637917244987,0.0,-0.02,2
7.3602908864422796,-0.094175872636127908,8.6205314910588822e-05,-0.0013299681710713124,0.0019361494207554809,-0.205654499627617,0.0,-0.02,-2
7.3880606050843127,-0.094844950220503044,7.2905633199875692e-05,-0.00079331250651612419,-0.00012039557552068919,-0.0017869027745065491,0.0,0.02,2
7.4158303353927142,-0.095513543422867886,6.4972508134714455e-05,-0.0014687315405615079,-0.00013826460326575468,-0.20513408769683575,0.0,-0.02,-2
7.4436000649759135,-0.096182166745526737,5.0285192729099373e-05,-6.1514660405638738e-05,-0.0021896054802341119,-0.0012324802139483115,0.0,0.02,2
7.471369793726236,-0.096850824658911802,4.9670046125042984e-05,0.0014921224781855201,-0.0022019302823735949,0.20232422117086171,0.0,0.02,2
7.4991395092810711,-0.097520030363585031,6.4591270906898184e-05,0.00089584266686375854,-0.00017868807066497797,0.20195850487718878,0.0,-0.02,0
7.5269092115552469,-0.098189786942689039,7.354969757553577e-05,-0.00051235917451901544,0.00184089697810691,-0.0018026886660668651,0.0,-0.02,-2
7.5546789127512106,-0.098859588225527095,6.8426105830345611e-05,-0.0014759351334846804,0.0018228700914462413,-0.20521873469917964,0.0,-0.02,-2
7.5824486250517928,-0.099528928956770693,5.3666754495498804e-05,-0.0010742713399002092,-0.00022931725554555514,-0.0013153616297914283,0.0,0.02,2
7.6102183483407257,-0.10019781364617568,4.2924041096496714e-05,-0.0015230341191031353,-0.00024247087184346941,0.20248956443136534,0.0,-0.02,2
7.6379880702477356,-0.1008667557056409,2.7693699905465359e-05,-0.0030686317415584536,0.0017824247724701839,-0.00067876715454545655,0.0,-0.02,-2
7.6657577906934273,-0.10153575842590463,-2.9926175101191777e-06,-0.0039619720528520684,0.0017756371009247293,-0.20346827579377605,0.0,-0.02,-2
7.6935275218783161,-0.10220431522274821,-4.2612338038639863e-05,-0.0035550658239507887,-0.00025904565701303128,0.0010444200499669376,0.0,0.02,2
7.7212972637543862,-0.10287242779412972,-7.816299627814775e-05,-0.0016609048668626502,-0.00024860145651336193,0.20545738397486157,0.0,0.02,2
7.7490670040711764,-0.10354060517299761,-9.4772044946774255e-05,-0.0034690874167846216,0.0018059723832352537,0.20586446850105339,0.0,-0.02,0
7.7768367428914118,-0.1042088447464407,-0.00012946291911462046,-0.0047485988528657352,0.0038646170682457878,0.20671473502477511,0.0,-0.02,0
7.8046064925802554,-0.10487663250505731,-0.00017694890764327783,-0.0054437658551347813,0.0059317644184935393,0.0043369830304727797,0.0,-0.02,-2
7.8323762655023295,-0.10554345341657646,-0.00023138656619462565,-0.0054641712753996322,0.0059751342487982667,-0.19787038489464598,0.0,0.02,-2
7.8601460740196245,-0.10620879031198258,-0.00028602827894862198,-0.005765027001041618,0.0039964303998518066,0.00701049703305473,0.0,-0.02,2
7.8879159183122214,-0.1068726323387799,-0.00034367854895903815,-0.0063182431878274223,0.004066535370182354,-0.19511813041512607,0.0,0,-2
7.9156857864878329,-0.10753547453775282,-0.0004068609808373124,-0.007740879129299277,0.0021153540660310932,0.0099720828636598868,0.0,-0.02,2
7.9434556789284674,-0.10819729936895099,-0.00048426977213030518,-0.0085662115643186446,0.002215074894667692,-0.19167226710210483,0.0,0,-2
7.9712255839766355,-0.10885859498162805,-0.00056993188777349163,-0.0079566075173033574,0.00029835222364664351,0.013968918817977988,0.0,0.02,2
7.9989955022158661,-0.10951933642732568,-0.00064949796294652522,-0.0086914023130426725,0.0004380414118264234,-0.18762255654288376,0.0,0,-2
8.0267654222309748,-0.11018000323142541,-0.00073641198607695194,-0.0073763919177789322,-0.0014381841536024143,0.018049313384239263,0.0,0.02,2
8.0545353448530701,-0.11084056044654929,-0.00081017590525474129,-0.0058841622241007953,-0.0012576910197600218,0.22339887684193491,0.0,0.02,2
8.0823052589142428,-0.11150147746603391,-0.00086901752749574926,-0.0069817145096487798,0.00097629774865932734,0.22484107346548901,0.0,-0.02,0
8.1100751654850765,-0.1121627091340342,-0.00093883467259223705,-0.0055242425225822461,0.0032247084833142174,0.023010653740006048,0.0,0.02,-2
8.1378450778706846,-0.1128236965524064,-0.00099407709781805954,-0.0050288922233638509,0.0034548150207142779,-0.1791769895117187,0.0,0,-2
8.1656150094472686,-0.11348387721209929,-0.0010443660200516981,-0.0063034470750783691,0.0016630451255970908,-0.38148604215050674,0.0,-0.02,-2
8.1933849615582499,-0.11414319354391902,-0.0011074004908024817,-0.0069200301328716527,-0.0021518152959079766,-0.17639945536994361,0.0,0,2
8.2211549235442565,-0.11480209381506952,-0.0011766007921311982,-0.0075128058951630331,-0.0039158098496074132,-0.17470336955306331,0.0,0,0
8.2489248727517683,-0.11546153242772859,-0.0012517288510828285,-0.0084306565052688458,-0.0056628435451380466,-0.1728619955591508,0.0,-0.02,0
8.2766947986784913,-0.11612195070120625,-0.0013360354161355168,-0.0098086924076380526,-0.0073914635007295542,-0.17079565818040843,0.0,-0.02,0
8.304464690876415,-0.1167837857164073,-0.0014341223402118974,-0.010450474669608561,-0.0090994200825336383,-0.16839156690402654,0.0,-0.02,0
8.3322345389405292,-0.11744746995430826,-0.0015386270869079831,-0.011519594770547776,-0.010783335751573904,-0.16583017605363229,0.0,-0.02,0
8.360004332503145,-0.11811343073490964,-0.0016538230346134608,-0.012310778497621223,-0.012441637512110226,-0.16300674596281176,0.0,-0.02,0
8.3877740612359997,-0.11878208937376068,-0.001776930819589673,-0.011977759857242214,-0.014071704971738343,-0.15998939829182615,0.0,-0.02,0
8.4155437148427037,-0.11945386078972879,-0.001896708418162095,-0.013525232351857666,-0.015671598954656606,-0.15705367283661972,0.0,-0.02,0
8.4433132830587265,-0.12012915285044204,-0.0020319607416806715,-0.013833837542858728,-0.017242135683022804,-0.15373866490724283,0.0,-0.02,0
8.471082755648629,-0.12080836588790107,-0.0021702991171092586,-0.014447107349625213,-0.018779522332095233,-0.15034801845065981,0.0,-0.02,0
8.4988521223877314,-0.12149189290334558,-0.0023147701906055108,-0.014762902756434626,-0.020283002516601832,-0.14680706076692815,0.0,-0.02,0
8.5266213730732758,-0.12218011861850381,-0.0024623992181698573,-0.015820780756831816,-0.021751073124271113,-0.14318870224819416,0.0,-0.02,0
8.5543904975185203,-0.12287341928640898,-0.0026206070257381755,-0.01352806529001652,-0.023182960146753057,0.064230564356328179,0.0,0.02,2
8.5821594855528627,-0.12357216231509381,-0.0027558876786383407,-0.013304568510489334,-0.022540654503189775,0.067546266633293009,0.0,0,0
8.6099283270188671,-0.12427670607352324,-0.0028889333637432341,-0.013065345103541248,-0.021865191836856843,0.070807190287824714,0.0,0,0
8.6376970248169229,-0.12498688976234056,-0.0030195868147786468,-0.012827637736094764,-0.021157119933978598,0.074009480754378937,0.0,0,0
8.6654655821591433,-0.12570254429033542,-0.0031478631921395945,-0.012823780481242024,-0.020417025126434809,0.077153509611264909,0.0,0,0
8.6932340025693335,-0.12642349241226589,-0.0032761009969520145,-0.01084822366010255,-0.01964549003032216,0.28383821732471126,0.0,0.02,2
8.7210022898820689,-0.1271495488762818,-0.0033845832335530402,-0.010874665120443215,-0.016807107857075048,0.28649709567277559,0.0,0,0
8.7487704482411335,-0.12788052057036506,-0.0034933298847574725,-0.011916093320089711,-0.013942136900347292,0.085620830508761875,0.0,-0.02,-2
8.7765384955910388,-0.12861569717841193,-0.0036124908179583698,-0.012376226039923137,-0.013085928595259673,-0.1150001826455346,0.0,-0.02,-2
8.8043064503741526,-0.12935436180771662,-0.0037362530783576009,-0.012304443755069696,-0.01423593042171502,-0.11196679391025932,0.0,0,0
8.832074317877213,-0.13009630021761215,-0.0038592975159082981,-0.011705941846902712,-0.015355598360817613,-0.10895099887225204,0.0,0,0
8.8598420899906376,-0.13084180013613442,-0.003976356934377325,-0.013189379326148698,-0.016445108349540133,-0.10608189547840334,0.0,-0.02,0
8.8876097586987033,-0.13159114170762354,-0.004108250727638812,-0.01387880134610691,-0.017505927304324168,-0.10284920446709238,0.0,-0.02,0
8.9153773160739114,-0.13234459753654787,-0.004247038741099881,-0.013912038052285591,-0.018534419348995093,-0.099447537470497546,0.0,-0.02,0
8.9431447542632654,-0.13310243305430638,-0.0043861591216227368,-0.015049200185115777,-0.01952889472370007,-0.096037724222388335,0.0,-0.02,0
8.9709120655100314,-0.13386490560907799,-0.0045366511234738944,-0.015516701158634908,-0.020489271965923955,-0.092349194765252121,0.0,0,0
8.998679242163524,-0.13463226404251208,-0.0046918181350602437,-0.014739611848351458,-0.021412763913576476,0.11499554252598666,0.0,0.02,2
9.026446276678822,-0.13540474866880131,-0.0048392142535437586,-0.01430659286724293,-0.02026280848831661,0.1186081924888179,0.0,0,0
9.054213161636234,-0.13618259057655843,-0.0049822801822161878,-0.015145793790061417,-0.019076726563428431,-0.081426913913725335,0.0,-0.02,-2
9.0819799041180875,-0.13696550194958804,-0.0051337381201168016,-0.014612460158440154,-0.019890995702565684,-0.077714709553416167,0.0,0,0
9.1097465116204202,-0.13775318594904226,-0.0052798627217012029,-0.014047555397013601,-0.020668142798099847,0.12940840004169643,0.0,0.02,2
9.1375129775066739,-0.13854584631710087,-0.0054203382756713393,-0.015252465923227414,-0.019374058797682885,-0.070690195936883388,0.0,-0.02,-2
9.165279295297486,-0.13934367750932411,-0.0055728629349036133,-0.015356391204560525,-0.020080960757051718,-0.27049347070805785,0.0,0,-2
9.1930454733935107,-0.14014635565864952,-0.0057264268469492188,-0.014595951901212567,-0.022785895464132296,-0.063188025072229481,0.0,0.02,2
9.2208115058033755,-0.14095405763706817,-0.0058723863659613448,-0.013655294198364507,-0.023417775714854591,-0.059610585880755809,0.0,0,0
9.2485773717955997,-0.14176746035003399,-0.0060089393079449903,-0.012945530617726481,-0.02401388157366215,0.14727792421433822,0.0,0.02,2
9.2763430655339665,-0.14258672190706412,-0.0061383946141222549,-0.013215197738670416,-0.022541102331518768,0.15045084838534961,0.0,0,0
9.3041085813481512,-0.14341199146538375,-0.0062705465915089591,-0.012469183450724912,-0.021036593847665271,0.1536898674389453,0.0,0,0
9.3318739289712873,-0.14424290038822613,-0.0063952384260162086,-0.012038766532630925,-0.019499695173275818,0.15674603985333865,0.0,0,0
9.3596391185994996,-0.14507907212959453,-0.0065156260913425178,-0.011781598080460963,-0.017932234774742432,0.15969671792506193,0.0,0,0
9.3874041608878116,-0.14592012206854138,-0.0066334420721471275,-0.012252579693670407,-0.016335267595491813,-0.04095725974875139,0.0,0,-2
9.4151690669261452,-0.14676565796614549,-0.0067559678690838317,-0.012869667771029689,-0.016744840192979327,-0.037954176490498842,0.0,-0.02,0
9.4429338482197682,-0.14761528022859391,-0.0068846645467941286,-0.013875104534612751,-0.017124381957884315,-0.034799846154462154,0.0,-0.02,0
9.4706985010161606,-0.14846909131273786,-0.007023415592140256,-0.014195160222123747,-0.017472380419428935,-0.031399085239115894,0.0,-0.02,0
9.4984630217486021,-0.14932718616147234,-0.0071653671943614937,-0.014041439592361444,-0.017786371271820093,-0.027919879302320857,0.0,0,0
9.5262274070515502,-0.15018965182514243,-0.007305781590285108,-0.013386449909697911,-0.0180655700648433,-0.22801997425262915,0.0,0,-2
9.5539916537839993,-0.15105656684480595,-0.0074396460893820871,-0.0140651365332647,-0.020345769807369591,-0.021197357365541597,0.0,-0.02,2
9.5817557590403819,-0.15192800105582535,-0.0075802974547147343,-0.012209782891574978,-0.020557743381025007,0.18579160428222408,0.0,0.02,2
9.6095197040784672,-0.15280452498236921,-0.0077023952836304845,-0.011292888571666998,-0.018699827338202767,0.18878419812819833,0.0,0,0
9.637283486280861,-0.15368619163687841,-0.0078153241693471546,-0.010633775459876663,-0.016811985356920783,0.19155206297419514,0.0,0,0
9.6650471195402048,-0.15457253610279625,-0.0079216619239459215,-0.010577476283392402,-0.014896464727178831,0.1941583804888708,0.0,-0.02,0
9.6928106182232554,-0.15546308601597492,-0.0080274366867798454,-0.010214350631984994,-0.012954880922290123,0.1967508991857807,0.0,0.02,0
9.7205739971334921,-0.15635736212448365,-0.0081295801930996951,-0.010402645804345323,-0.010987371930432316,0.19925441649754172,0.0,0,0
9.7483372714772454,-0.15725487868986862,-0.008233606651143149,-0.012207622687314155,-0.0089948277654568979,0.20180408458684204,0.0,-0.02,0
9.7761004568404228,-0.15815514351839302,-0.0083556828780162913,-0.013011864097590812,-0.006976786919588477,0.20479614897098766,0.0,-0.02,0
9.8038635691579774,-0.15905765818004555,-0.0084858015189921993,-0.013213984819566378,-0.0049288254298786001,0.20798533134784816,0.0,-0.02,0
9.8316266246931701,-0.15996191788911865,-0.0086179413671878639,-0.014078908600774197,-0.0028489721164001187,0.21122405311734974,0.0,-0.02,0
9.8593896400480698,-0.16086741039335603,-0.0087587304531956053,-0.015199835894862684,-0.00073673158522662109,0.21467476600969634,0.0,-0.02,0
9.8871526321530148,-0.16177361547630961,-0.0089107288121442318,-0.016714069612119038,0.0014100160748703426,0.21840021598392739,0.0,-0.02,0
9.914915618242663,-0.16268000482840436,-0.0090778695082654216,-0.017749568776714634,0.0035940182347096168,0.01895517741101066,0.0,-0.02,-2
9.9426786158438052,-0.16358604151121323,-0.0092553651960325684,-0.017472912512966489,0.0037835700088197236,-0.18023606234705419,0.0,0,-2
9.9704416427666676,-0.16449117926427478,-0.0094300943211622339,-0.01836970373971122,0.0019812093853491817,0.027588138511422722,0.0,-0.02,2
9.9982047005262693,-0.16539537067575422,-0.0096137913585593454,-0.020454278247371355,0.002257090770463409,-0.17145110738316258,0.0,-0.02,-2
10.025967774420142,-0.16629906655103049,-0.0098183341410330582,-0.021405581775141697,0.00054257969663178314,-0.16643780389115978,0.0,-0.02,0
10.053730866684194,-0.16720219788662213,-0.010032389958784475,-0.021381730557181365,-0.0011217983422798148,0.042350286492360084,0.0,0.02,2
10.081493963362517,-0.16810519351326916,-0.010246207264356289,-0.022268442365821827,-0.00069829547735621384,-0.15595071753519821,0.0,-0.02,-2
10.109257050913481,-0.16900846972193218,-0.010468891688014507,-0.021767585907436805,-0.0022578026527081962,0.05304885828721384,0.0,0.02,2
10.137020132781428,-0.16991192058680818,-0.010686567547088875,-0.021467882265268804,-0.0017273140698360577,0.058384050911585605,0.0,0,0
10.164783196266901,-0.17081593616921259,-0.010901246369741564,-0.022583797005196752,-0.0011434735607202015,-0.1398958375012454,0.0,-0.02,-2
10.19254624568126,-0.1717203837837406,-0.011127084339793531,-0.021395357358812938,-0.0025424319357326558,0.069181031124934983,0.0,0.02,2
10.220309285776919,-0.17262511740116485,-0.01134103791338166,-0.022354893834267819,-0.001850621624483306,0.074424991261898943,0.0,0,0
10.248072305142514,-0.17353048692638648,-0.011564586851724339,-0.022231682979999525,-0.0011063717118643165,0.079904131907552814,0.0,0,0
10.275835309409672,-0.17443631932447912,-0.011786903681524333,-0.022517287028150427,-0.00030733039278878834,0.085353073814415439,0.0,0,0
10.303598304646732,-0.17534242844518524,-0.012012076551805837,-0.024210492645582834,0.0005462003453553661,-0.1126696075486897,0.0,-0.02,-2
10.331361297374903,-0.17624861443446896,-0.012254181478261666,-0.023420005577737907,-0.00058049573013153096,0.096805960989350001,0.0,0.02,2
10.359124294561829,-0.17715466380970815,-0.012488381534039045,-0.02409065467681612,0.00038756387976196906,-0.10099546582728759,0.0,-0.02,-2
10.386887287010016,-0.17806085837685509,-0.012729288080807206,-0.023799942603474955,-0.00062239077851090679,0.10845073065958381,0.0,0.02,2
10.414650282622071,-0.17896695600765772,-0.012967287506841957,-0.024565185109904797,0.0004621165280849313,-0.08925757433702021,0.0,-0.02,-2
10.44241327315309,-0.17987320930902884,-0.013212939357941005,-0.024167879185296358,-0.00043045921528527085,0.1203049286285494,0.0,0.02,2
10.470176267456791,-0.18077934702716952,-0.013454618149793969,-0.026232943968941422,0.00077259007100022325,-0.077313195833294476,0.0,-0.02,-2
10.497939258246271,-0.18168559241050591,-0.013716947589483382,-0.024964279669941331,-5.4188733272157556e-07,0.13265807155850962,0.0,0.02,2
10.525702255342795,-0.18259164455584473,-0.013966590386182795,-0.026403233257222949,0.0013260388282523745,-0.064764856706117341,0.0,-0.02,-2
10.553465252434894,-0.18349769683671882,-0.014230622718755024,-0.027111806115320967,0.00067839026119120112,-0.26183510026797918,0.0,-0.02,-2
10.581228260348986,-0.18440341745235972,-0.014501740779908234,-0.027336579239796752,-0.0019399607414885907,-0.051648425487356597,0.0,0.02,2
10.608991273797987,-0.18530896839089289,-0.014775106572306202,-0.026873372361290618,-0.0024564449963621567,0.15859334074534343,0.0,0.02,2
10.636754271416301,-0.18621500454751946,-0.015043840295919108,-0.028572931877192197,-0.00087051158890872238,0.16517995161820878,0.0,-0.02,0
10.664517248977074,-0.18712165510404805,-0.01532956961469103,-0.028986037006226872,0.00078128792727336538,0.17218312119595197,0.0,0.02,0
10.692280219426632,-0.18802852339027681,-0.015619429984753299,-0.029549777544893324,0.002503119139232885,-0.024254082231350088,0.0,0.02,-2
10.720043196258613,-0.18893519626316735,-0.015914927760202233,-0.030938053750209193,0.002260578316919384,-0.22055311395799859,0.0,-0.02,-2
10.747806193529616,-0.18984124306209937,-0.016224308297704326,-0.031562485327833789,5.5047177339397849e-05,-0.0094286333845112202,0.0,0.02,2
10.775569209247054,-0.19074672445060434,-0.016539933150982664,-0.030622072471051372,-3.9239156505714362e-05,-0.20523435438004686,0.0,0.02,-2
10.803332225413534,-0.19165219207086009,-0.016846153875693177,-0.031612004297667848,-0.0020915827003061827,-0.19772894446067152,0.0,-0.02,0
10.831095241259925,-0.19255766950550621,-0.017162273918669854,-0.033817074342447885,-0.0040688721449128979,-0.18998090419163527,0.0,-0.02,0
10.858858240039371,-0.19346367008168822,-0.017500444662094335,-0.035004973270108257,-0.0059686811868292508,-0.18169240557829019,0.0,-0.02,0
10.886621205589167,-0.19437068835740362,-0.017850494394795417,-0.03673611204239717,-0.0077856052426121527,-0.17311275526698916,0.0,-0.02,0
10.914384122326146,-0.19527919951701408,-0.01821785551521939,-0.038716804269486399,-0.009516732795282045,-0.16410880623698987,0.0,-0.02,0
10.942146975270036,-0.19618965802103297,-0.018605023557914255,-0.037901794004045142,-0.011157820857651943,-0.15461939342584125,0.0,0.02,0
10.969909750050153,-0.19710249687872755,-0.018984041497954705,-0.038071373552795842,-0.012704014791910356,-0.14532973803269292,0.0,0.02,0
10.997672432926795,-0.19801812658697071,-0.019364755233482665,-0.036970036686574378,-0.014157312172237285,-0.13599851902465471,0.0,0.02,0
11.025435010821594,-0.19893693391541967,-0.019734455600348408,-0.035697059410480632,-0.015517297362483832,-0.12693723552304334,0.0,0.02,0
11.053197471294956,-0.19985928240524273,-0.020091426194453213,-0.034360654397493806,-0.016786669717714267,-0.11818795625576868,0.0,0.02,0
11.080959802546504,-0.20078551226383026,-0.020435032738428151,-0.036546459303550237,-0.017968549280271955,-0.10976622723677509,0.0,-0.02,0
11.108721993392452,-0.20171594103852386,-0.020800497331463653,-0.037222380926939212,-0.019066211552639704,-0.30435038598336062,0.0,0,-2
11.136484033241645,-0.20265086439549604,-0.021172721140733045,-0.039055568903615522,-0.022109715412473311,-0.091685629141066871,0.0,-0.02,2
11.164245912072122,-0.20359055693750877,-0.021563276829769201,-0.038671246129696982,-0.023026571703883982,0.12142843847982399,0.0,0.02,2
11.192007603146999,-0.2045357801570318,-0.021949989291066171,-0.039460263756895521,-0.02181228731908574,0.13090668508023992,0.0,0,0
11.219769097506317,-0.20548676344244693,-0.022344591928635128,-0.039900980412078908,-0.020503220468283342,0.14057831835398882,0.0,0,0
11.247530404424857,-0.20644320290534912,-0.022743601732755917,-0.039387427607689672,-0.019097437284743453,0.15035797041577287,0.0,0,0
11.275291534177439,-0.20740477096423993,-0.023137476008832814,-0.039453010636704755,-0.017593857580585723,0.16001175169216739,0.0,0,0
11.303052498062122,-0.20837111586379564,-0.023532006115199861,-0.040184927582375247,-0.015993740063664049,-0.033860017021782263,0.0,-0.02,-2
11.330813308413425,-0.20934186140747243,-0.023933855391023613,-0.040850645456166255,-0.016332340233881873,-0.22755239432747931,0.0,-0.02,-2
11.358573978592037,-0.21031660727481236,-0.024342361845585275,-0.043305447013179545,-0.018607864177156666,-0.21753998122547777,0.0,-0.02,0
11.386334505034986,-0.21129543814985988,-0.024775416315717072,-0.045482444126645802,-0.020783263989411445,-0.0033842768130270817,0.0,-0.02,2
11.414094866979175,-0.2122789232790056,-0.025230240756983529,-0.046246283073847004,-0.020817106757541715,0.21130500532331239,0.0,-0.02,2
11.441855044265678,-0.21326760689551866,-0.025692703587722,-0.047129145172344934,-0.018704056704308591,0.22263987862572587,0.0,-0.02,0
11.469615035617853,-0.21426149743212947,-0.026163995039445449,-0.047777205122591093,-0.016477657918051333,0.23419113969737904,0.0,-0.02,0
11.497374859080756,-0.21526006619793461,-0.02664176709067136,-0.050410482323886625,-0.014135746521077542,0.042359614729970185,0.0,-0.02,-2
11.525134533989414,-0.21626275619846447,-0.027145871913910227,-0.051621573997598064,-0.01371215037377784,-0.14882649915868978,0.0,-0.02,-2
11.5528940809728,-0.21726898159505767,-0.027662087653886207,-0.053067210491011527,-0.015200415365364737,-0.13617415259065105,0.0,-0.02,0
11.580653503434631,-0.21827863641586348,-0.028192759758796322,-0.053876763562541452,-0.016562156891271246,-0.12316748335265802,0.0,-0.02,0
11.608412787362674,-0.21929209291414981,-0.028731527394421738,-0.055959214649871011,-0.017793831724797825,-0.31350401850635357,0.0,-0.02,-2
11.636171919751382,-0.22030969170436068,-0.029291119540920448,-0.055782873717120415,-0.020928871909861362,-0.096246900457458873,0.0,0,2
11.663930888640163,-0.22133174087307658,-0.029848948278091654,-0.056910678439093601,-0.021891340914435949,-0.082574627487576421,0.0,0,0
11.691689664301506,-0.22235902469695148,-0.030418055062482591,-0.057156124499502518,-0.022717087189311713,-0.27216755605388177,0.0,0,-2
11.71944823679028,-0.22339178394145903,-0.030989616307477617,-0.058711957658089592,-0.025438762749850529,-0.054617077747724452,0.0,0,2
11.747206597298254,-0.22443022516798375,-0.031576735884058516,-0.058543083551048758,-0.025984933527327773,0.1633147322149493,0.0,0.02,2
11.774964719037667,-0.22547502934652136,-0.032162166719569001,-0.058248531507685691,-0.024351786205178281,0.17766352720295145,0.0,0.02,0
11.802722595373984,-0.22652633309397174,-0.032744652034645855,-0.059635523866469357,-0.022575150933148765,0.19194012806267832,0.0,0,0
11.830480240355685,-0.22758372769459914,-0.033341007273310547,-0.060499823553669028,-0.020655749652521982,0.20655667802995023,0.0,0,0
11.858237669673942,-0.22864676857510066,-0.033946005508847236,-0.061515191274871851,-0.018590182872222479,0.22138506615584949,0.0,0,0
11.885994900664347,-0.22971497549181735,-0.034561157421595955,-0.061661705176976112,-0.016376332210663983,0.032920694657136873,0.0,0,-2
11.913751952342405,-0.23078783168588854,-0.035177774473365717,-0.061372605859524164,-0.016047125264092615,-0.15550776657145216,0.0,0.02,-2
11.941508845420845,-0.23186478335780711,-0.035791500531960958,-0.061822124713807054,-0.017602202929807135,-0.14046546121372563,0.0,0.02,0
11.96926558250231,-0.23294574814077421,-0.036409721779099027,-0.062839016176996124,-0.019006857541944391,-0.1253129796662239,0.0,0,0
11.997022147799326,-0.23403111498386853,-0.037038111940868985,-0.064061511747471864,-0.020259987338606629,-0.10991126001499936,0.0,0,0
12.024778526816373,-0.23512123522202513,-0.037678727058343707,-0.064929663344231614,-0.021359099938756624,-0.29775153335866295,0.0,0,-2
12.05253470637235,-0.23621642229641643,-0.03832802369178602,-0.065346090379699018,-0.024336615272343255,-0.078295775923895555,0.0,0,2
12.080290674641622,-0.23731695112692502,-0.03898148459558301,-0.065474868690010526,-0.025119573031582212,0.14126204696074129,0.0,0,2
12.108046400906259,-0.23842356659497571,-0.039636233282483113,-0.065629838305758303,-0.0237069525619748,-0.046231815367594187,0.0,0,-2
12.135801875977386,-0.23953646454521227,-0.040292531665540698,-0.066779139330583076,-0.024169270715650743,0.17339555357735129,0.0,0,2
12.16355711268225,-0.24065529148828016,-0.040960323058846532,-0.067460389858628636,-0.022435315179877229,0.18976298968778832,0.0,0,0
12.191312105066762,-0.24178016303973701,-0.041634926957432816,-0.067713727545577723,-0.020537685282999346,0.20629739896686397,0.0,0,0
12.219066869487012,-0.24291064534744097,-0.042312064232888594,-0.070374796758826713,-0.018474711293330705,0.019352276554108677,0.0,-0.02,-2
12.246821424236064,-0.24404626366075297,-0.043015812200476858,-0.072301935220689367,-0.018281188527789618,0.24014262551206114,0.0,0,2
12.274575789568098,-0.24518650191985375,-0.043738831552683752,-0.074293974864750867,-0.015879762272669008,0.054322063803990073,0.0,0,-2
12.302329966710728,-0.2463313116888303,-0.044481771301331262,-0.075331756260951593,-0.015336541634629107,-0.13101025289328158,0.0,0,-2
12.330083979777987,-0.24748009231800999,-0.04523508886394078,-0.076116941849531369,-0.016646644163561923,-0.11254658714304835,0.0,0.02,0
12.357837833844226,-0.248632707926773,-0.045996258282436094,-0.07746489066610103,-0.017772110034992405,-0.29743209820679539,0.0,0,-2
12.385591514724839,-0.2497894861461003,-0.046770907189097106,-0.079110548525746394,-0.020746431017060359,-0.074903981134314929,0.0,0,2
12.413345010019425,-0.25095070843532458,-0.047562012674354573,-0.079737562274603088,-0.021495470828403508,-0.25905576507153871,0.0,0,-2
12.441098287759965,-0.25211711870962372,-0.048359388297100604,-0.081234881223057706,-0.024086028479118896,-0.035970620644033224,0.0,0,2
12.468851339066436,-0.25328890429238793,-0.049171737109331183,-0.082877002538457784,-0.024445734685559228,0.18748151372181901,0.0,0,2
12.496604135402881,-0.25446671318156477,-0.050000507134715759,-0.083561474659120297,-0.022570919548341038,0.0042528802779068786,0.0,0,-2
12.52435667162332,-0.25565063530943044,-0.050836121881306963,-0.085652193652868247,-0.022528390745561969,0.2282752581329901,0.0,0,2
12.552108966488282,-0.25684020161688459,-0.051692643817835643,-0.086561169704758037,-0.020245638164232069,0.045726818589668761,0.0,0,-2
12.579861019308046,-0.2580354014163288,-0.052558255514883225,-0.087568923837463994,-0.019788369978335382,-0.13659883270564036,0.0,0,-2
12.607612853640038,-0.25923566367151829,-0.053433944753257863,-0.089685768246949044,-0.021154358305391786,-0.11513586117685017,0.0,0,0
12.635364473527909,-0.26044087397298171,-0.054330802435727354,-0.090797286625036541,-0.022305716917160288,-0.29669567949613207,0.0,0,-2
12.66311586318864,-0.26165137393989452,-0.055238775301977718,-0.093205433266191226,-0.025272673712121611,-0.070899818316069368,0.0,0,2
12.69086700899563,-0.26286745151587743,-0.056170829634639631,-0.09408969086989849,-0.025981671895282304,0.1554862748838842,0.0,0,2
12.718617877145393,-0.26408984883513387,-0.057111726543338619,-0.096697540625069203,-0.024426809146443462,-0.024994150635655216,0.0,0,-2
12.746368458344742,-0.26531874320402205,-0.058078701949589313,-0.09854432531307987,-0.024676750652800013,0.20224785123069003,0.0,0,2
12.774118768385943,-0.26655374558815476,-0.05906414520272011,-0.10061378859987602,-0.022654272140493113,0.022859247878597028,0.0,-0.02,-2
12.801868803128201,-0.26779491845083975,-0.060070283088718868,-0.10284055322181217,-0.022425679661707144,-0.15602213407967336,0.0,-0.02,-2
12.829618583934849,-0.26904175583183071,-0.061098688620936988,-0.10493845273047583,-0.023985901002503879,0.072725508129010852,0.0,0,2
12.857368112230251,-0.27029420050298503,-0.062148073148241743,-0.10661308435947446,-0.02325864592121377,0.098445717131578458,0.0,0,0
12.885117369185853,-0.27155264266837675,-0.063214203991836485,-0.10889816859763443,-0.022274188749897984,0.12457637506282221,0.0,0,0
12.912866361793862,-0.2728169003605817,-0.064303185677812832,-0.11169125933179758,-0.021028424999269761,0.35480872692244325,0.0,0,2
12.9406151001045,-0.27408672729339689,-0.065420098271130808,-0.11436486417992785,-0.017480337730045328,0.17864241132003597,0.0,-0.02,-2
12.968363597318877,-0.27536181184560587,-0.066563746912930086,-0.11494536158401543,-0.015693913616844968,0.20667301528570456,0.0,0.02,0
12.996111893367669,-0.27664126667489669,-0.067713200528770237,-0.11703349474151875,-0.013627183463987922,0.031304273764723223,0.0,0,-2
13.023860008226436,-0.27792464505100051,-0.06888353547618542,-0.11835495684851487,-0.013314140726340689,0.059988953848428804,0.0,0.02,0
13.051607965309266,-0.27921143019273736,-0.070067085044670574,-0.12067536641551686,-0.012714251187856402,0.088997521703456955,0.0,0.02,0
13.07935576783705,-0.28050154381202635,-0.07127383870882574,-0.12307894093701792,-0.011824275970821831,0.11857481739353462,0.0,0.02,0
13.107103422401595,-0.28179483590520804,-0.072504628118195913,-0.12529931048061543,-0.010638527796886486,-0.054800399776220615,0.0,0.02,-2
13.134850939034319,-0.2830910839479529,-0.073757621223002071,-0.1273949633732232,-0.011186531794648692,-0.22763140872450588,0.0,0.02,-2
13.162598331299131,-0.28438999147900967,-0.0750315708567343,-0.13077852464656484,-0.01346284588189375,0.0071344712663869159,0.0,-0.02,2
13.190345592514227,-0.28569169549025752,-0.076339356103199946,-0.1332897424265708,-0.01339150116922988,0.24272965549094183,0.0,0.02,2
13.218092695636026,-0.28699676507455113,-0.077672253527465651,-0.13750757199192082,-0.010964204614320461,0.071857085745096638,0.0,-0.02,-2
13.245839641097442,-0.28830518237525954,-0.079047329247384862,-0.13992626394919397,-0.010245633756869495,-0.09798170224453534,0.0,0,-2
13.273586457177272,-0.28961634052884716,-0.080446591886876806,-0.14386242588325657,-0.011225450779314848,-0.06368604931581133,0.0,0,0
13.30133315211082,-0.29093005988101883,-0.081885216145709372,-0.14774912795966241,-0.011862311272472961,0.17511597344714841,0.0,0,2
13.329079714040203,-0.2922465853727893,-0.083362707425305993,-0.15109713164447983,-0.010111151538001477,0.2113289950058892,0.0,0,0
13.35682613511052,-0.29356607620652558,-0.084873678741750794,-0.15493532450992764,-0.0079978615879425854,0.24836260570306562,0.0,0,0
13.384572435867277,-0.2948880945827938,-0.086423031986850071,-0.15818070210149887,-0.0055142355309119291,0.28633694994569492,0.0,0,0
13.41231864129484,-0.29621211219711241,-0.088004839007865057,-0.16226401297230944,-0.0026508660314549801,0.32510672987253286,0.0,0,0
13.44006478091322,-0.29753750819414415,-0.089627479137588145,-0.16555422357060648,0.00060020126727034851,0.36487732128731459,0.0,0,0
13.467810888870936,-0.29886356681666548,-0.091283021373294207,-0.16954478335927797,0.0042489744801434944,0.20191271260618401,0.0,0.02,-2
13.495557003998536,-0.30018947540987773,-0.092978469206886988,-0.17454654627399299,0.0062681016062053341,0.24346780656679137,0.0,0,0
13.523303169860634,-0.30151432190081634,-0.094723934669626919,-0.17975116711520039,0.0087027796718732488,0.28624882281041708,0.0,-0.02,0
13.551049410492737,-0.30283760156023343,-0.09652144634077893,-0.18356026066324868,0.01156526789997742,0.12676385715492225,0.0,0.02,-2
13.578795754791829,-0.30415870576049259,-0.098357048947411416,-0.18802954685125706,0.012832906471526642,-0.031787507140756815,0.0,0.02,-2
13.6065422365944,-0.30547691888860412,-0.10023734441592398,-0.19404775020710979,0.012515031400119074,0.21783979036926188,0.0,-0.02,2
13.634288870620841,-0.30679192401193606,-0.10217782191799508,-0.19911851114405957,0.014693429303811694,0.46894213772140136,0.0,-0.02,2
13.662035652742883,-0.30810380058523368,-0.10416900702943568,-0.20368789415884578,0.019382850681025708,0.72128731863651874,0.0,0,2
13.689782608291637,-0.30941200395133389,-0.10620588597102414,-0.208566507529792,0.026595723867390897,0.97475244636898561,0.0,0.02,2
13.717529791884695,-0.31071536150960027,-0.10829155104632206,-0.21282254550620219,0.036343248331080755,1.2294133126727629,0.0,0.02,2
13.745277287040487,-0.31201206920639513,-0.11041977650138408,-0.21751099815769603,0.048637381457808382,1.4851173255393859,0.0,0.02,2
13.773025205458389,-0.31329968783980205,-0.11259488648296105,-0.2233833220570127,0.063488554713202236,1.7419704689578457,0.0,0.02,2
13.800773685855409,-0.31457513832013656,-0.11482871970353117,-0.22969841272374603,0.080908259402780694,2.0002629074496672,0.0,0.02,2
13.828522892201077,-0.31583469596357672,-0.11712570383076863,-0.23634077079034585,0.10091088847727736,2.2601031622813745,0.0,0.02,2
13.856273011247032,-0.31707398253534541,-0.11948911153867209,-0.24466327631971166,0.1235119201000911,2.1144881975266507,0.0,0.02,-2
13.884024249231206,-0.31828795478269628,-0.12193574430186921,-0.25341871086255519,0.14465680207535761,2.3779963110828595,0.0,0.02,2
13.911776827581152,-0.31947088893205855,-0.12446993141049476,-0.26391799300995639,0.16843676518618619,2.6436503644780003,0.0,0,2
13.939530934491613,-0.32061740010700446,-0.12710911134059433,-0.27376312717518164,0.1948732688309662,2.9118777713406416,0.0,0.02,2
13.967286765246509,-0.32172139167271624,-0.12984674261234613,-0.28511122867340427,0.2239920465443726,2.7754349527586717,0.0,0.02,-2
13.995044515216657,-0.32277602661732607,-0.13269785489908018,-0.30041255549681223,0.25174639607195931,2.6417735316027366,0.0,-0.02,-2
14.022804371241609,-0.32377368975966747,-0.1357019804540483,-0.31648339843028161,0.27816413138798668,2.5118624356486174,0.0,-0.02,-2
14.050566464470432,-0.3247070266901228,-0.13886681443835111,-0.33355200898201259,0.30328275574447283,2.7929735203103578,0.0,-0.02,2
14.078330867001382,-0.32556893757352728,-0.14220233452817124,-0.35079544201536517,0.33121249094757643,3.0782680879504638,0.0,-0.02,2
14.106097589133681,-0.32635257033150117,-0.14571028894832488,-0.37061417876702363,0.36199517182708107,3.3677889872163913,0.0,-0.02,2
14.133866605723156,-0.32705017761718241,-0.14941643073599511,-0.39018358785988283,0.39567306169924499,3.2550841714755592,0.0,-0.02,-2
14.16163784063502,-0.32765304554776137,-0.15331826661459394,-0.41097016664500435,0.42822390341400057,3.3507174037941581,0.0,0,0
14.18941114755197,-0.32815140402164383,-0.157427968281044,-0.43245604757399808,0.46173107745194214,3.247903761552831,0.0,0,-2
14.217186269052675,-0.32853554448124433,-0.16175252875678398,-0.45532486816017481,0.49421011506747048,3.1503562665980218,0.0,0,-2
14.244962833532529,-0.32879516722313917,-0.16630577743838573,-0.48145804064858433,0.52571367773345068,3.2619554989902215,0.0,-0.02,0
14.272740331006686,-0.32891995642463012,-0.17112035784487156,-0.50822300293604661,0.55833323272335289,3.3799599207178157,0.0,-0.02,0
14.300518101294344,-0.32889955746154181,-0.17620258787423204,-0.53747773414807576,0.59213283193053101,3.5045243822217489,0.0,-0.02,0
14.328295316980642,-0.32872284586464962,-0.1815773652157128,-0.56591772000946139,0.62717807575274853,3.8398007452456939,0.0,0.02,2
14.356070951797109,-0.32837781135359767,-0.18723654241580742,-0.59699775441156844,0.66557608320520545,4.1820476930395865,0.0,0.02,2
14.383843741502414,-0.32785141772087811,-0.19320651995992311,-0.62971166554497338,0.70739656013560137,4.5319122963241911,0.0,0.02,2
14.411612113519038,-0.3271286080516167,-0.19950363661537285,-0.66499511952821244,0.75271568309884329,4.8897950150826697,0.0,0.02,2
14.439374094134768,-0.32619192744252795,-0.20615358781065496,-0.70306968114232504,0.80161363324966994,5.256325639229197,0.0,0.02,2
14.467127182140908,-0.32502101139297801,-0.21318428462207822,-0.7432385333094701,0.85417688964196192,5.6321882637713401,0.0,0.02,2
